{"FH-OECT": [[5.64, 5.98, 5.54, 5.8500000000000005, 4.66, 4.46, 3.42, 7.4, 9.61, 8.33], [5.39, 5.92, 5.51, 3.1, 4.63, 4.32, 3.31, 4.07, 5.63, 3.3000000000000003], [5.38, 4.51, 5.57, 3.08, 4.39, 4.13, 3.46, 3.81, 4.16, 8.47], [1.32, 4.53, 0.85, 3.12, 3.18, 2.89, 3.14, 3.84, 4.13, 6.3100000000000005], [1.29, 0.55, 0.89, 1.6300000000000001, 1.6500000000000001, 2.29, 1.6600000000000001, 1.96, 1.29, 2.24], [0.49, 0.53, 0.8300000000000001, 1.49, 0.9, 1.33, 0.87, 1.1500000000000001, 1.26, 0.9500000000000001], [0.28, 0.19, 0.47000000000000003, 0.24, 0.29, 0.88, 0.17, 0.26, 0.49, 0.16]], "FH-tanh": [[5.87, 5.99, 5.58, 5.79, 9.32, 6.93, 8.02, 7.38, 5.73, 3.24], [5.32, 5.97, 5.4, 5.73, 4.57, 6.8500000000000005, 3.29, 4.11, 5.76, 3.24], [4.0, 4.54, 3.46, 5.62, 3.06, 4.26, 3.08, 3.8200000000000003, 5.3500000000000005, 6.29], [3.2600000000000002, 3.18, 0.79, 3.0100000000000002, 3.11, 4.11, 3.27, 1.9000000000000001, 4.03, 2.9], [1.23, 3.7600000000000002, 0.76, 3.0100000000000002, 4.46, 2.95, 2.97, 1.79, 1.34, 2.2800000000000002], [1.17, 0.42, 0.92, 3.11, 1.69, 2.08, 0.98, 1.6600000000000001, 2.63, 5.7700000000000005], [0.4, 0.28, 0.51, 0.89, 0.99, 1.42, 0.3, 0.28, 0.62, 0.85]], "tolerance": 5, "params": [1e-07, 1e-06, 1e-05, 0.0001, 0.001, 0.01, 0.1]}