{"p": [1e-05, 2.1544346900318823e-05, 4.641588833612782e-05, 0.0001, 0.00021544346900318823, 0.00046415888336127773, 0.001, 0.002154434690031882, 0.004641588833612777, 0.01, 0.021544346900318822, 0.046415888336127774, 0.1, 0.21544346900318823, 0.46415888336127725, 1.0], "FH-OECT": [[2.209999999999997, 2.0300000000000007, 2.1699999999999977, 1.430000000000001, 1.1800000000000008, 4.42999999999995, 1.380000000000001, 2.769999999999985, 3.3099999999999734, 1.380000000000001], [2.4199999999999924, 2.0000000000000013, 3.3899999999999717, 1.440000000000001, 3.7199999999999647, 2.949999999999981, 1.430000000000001, 2.859999999999983, 2.0500000000000003, 1.5500000000000012], [2.2299999999999964, 2.0799999999999996, 2.06, 1.400000000000001, 1.2400000000000009, 4.3599999999999515, 1.400000000000001, 2.8399999999999834, 2.07, 1.440000000000001], [4.87999999999994, 2.109999999999999, 2.06, 1.5700000000000012, 4.659999999999945, 4.40999999999995, 1.390000000000001, 5.6699999999999235, 2.0500000000000003, 1.450000000000001], [4.259999999999954, 2.0500000000000003, 2.010000000000001, 3.5799999999999677, 3.8299999999999623, 4.279999999999953, 1.450000000000001, 2.909999999999982, 2.0799999999999996, 1.450000000000001], [2.209999999999997, 2.099999999999999, 2.099999999999999, 5.459999999999928, 5.83999999999992, 4.43999999999995, 1.470000000000001, 4.129999999999956, 2.0000000000000013, 1.450000000000001], [4.119999999999957, 2.07, 2.020000000000001, 1.470000000000001, 4.589999999999947, 4.329999999999952, 1.420000000000001, 2.719999999999986, 1.9900000000000015, 1.450000000000001], [4.159999999999956, 2.0799999999999996, 2.07, 1.480000000000001, 5.239999999999933, 4.209999999999955, 1.430000000000001, 2.7299999999999858, 2.020000000000001, 1.500000000000001], [2.3099999999999947, 2.0799999999999996, 2.0400000000000005, 1.470000000000001, 3.92999999999996, 4.4499999999999496, 1.400000000000001, 2.7299999999999858, 2.1199999999999988, 1.480000000000001], [0.8500000000000005, 2.0300000000000007, 1.9200000000000015, 1.360000000000001, 3.9199999999999604, 2.9699999999999807, 1.340000000000001, 2.679999999999987, 1.9200000000000015, 1.450000000000001], [2.2199999999999966, 2.06, 0.7500000000000004, 1.430000000000001, 4.539999999999948, 2.9199999999999817, 1.400000000000001, 1.420000000000001, 1.9700000000000015, 4.139999999999956], [2.1399999999999983, 2.020000000000001, 2.1399999999999983, 3.46999999999997, 2.53999999999999, 3.619999999999967, 1.360000000000001, 2.7499999999999853, 2.0400000000000005, 1.500000000000001], [2.3599999999999937, 2.07, 2.1199999999999988, 1.490000000000001, 3.9199999999999604, 4.289999999999953, 1.420000000000001, 4.019999999999959, 1.9900000000000015, 1.480000000000001], [2.349999999999994, 2.0899999999999994, 2.06, 1.5200000000000011, 3.9199999999999604, 4.229999999999954, 1.420000000000001, 2.7899999999999845, 2.0500000000000003, 1.460000000000001], [4.149999999999956, 2.0899999999999994, 2.0300000000000007, 1.5400000000000011, 4.4999999999999485, 3.0299999999999794, 1.450000000000001, 2.8299999999999836, 3.3099999999999734, 1.470000000000001], [4.119999999999957, 2.109999999999999, 2.1399999999999983, 1.5200000000000011, 4.009999999999959, 4.259999999999954, 1.430000000000001, 2.8899999999999824, 2.0300000000000007, 1.450000000000001]], "FH-tanh": [[5.069999999999936, 3.6399999999999664, 8.079999999999872, 5.5799999999999255, 6.029999999999916, 8.279999999999868, 8.419999999999865, 4.389999999999951, 4.2199999999999545, 4.90999999999994], [5.0599999999999365, 3.649999999999966, 4.90999999999994, 5.599999999999925, 6.7599999999999, 8.17999999999987, 4.90999999999994, 4.379999999999951, 4.2199999999999545, 6.179999999999913], [5.0599999999999365, 3.649999999999966, 4.87999999999994, 5.599999999999925, 8.789999999999857, 8.349999999999866, 4.88999999999994, 5.599999999999925, 4.209999999999955, 4.949999999999939], [4.9699999999999385, 3.6399999999999664, 5.009999999999938, 5.7199999999999225, 6.089999999999915, 8.21999999999987, 4.929999999999939, 5.619999999999925, 5.539999999999926, 6.1899999999999125], [6.259999999999911, 3.5999999999999672, 4.989999999999938, 5.5299999999999265, 5.959999999999917, 4.6399999999999455, 6.169999999999913, 5.629999999999924, 5.569999999999926, 6.31999999999991], [4.949999999999939, 3.7299999999999645, 4.88999999999994, 5.569999999999926, 6.009999999999916, 4.599999999999946, 6.31999999999991, 4.329999999999952, 4.199999999999955, 6.209999999999912], [4.989999999999938, 3.619999999999967, 4.799999999999942, 5.789999999999921, 3.989999999999959, 4.43999999999995, 4.809999999999942, 5.589999999999925, 4.139999999999956, 6.429999999999907], [2.299999999999995, 6.219999999999912, 4.859999999999941, 5.569999999999926, 4.679999999999945, 4.489999999999949, 4.939999999999939, 4.209999999999955, 3.979999999999959, 4.88999999999994], [4.3099999999999525, 3.7299999999999645, 5.049999999999937, 3.5399999999999685, 6.079999999999915, 4.369999999999951, 5.619999999999925, 4.159999999999956, 3.9499999999999598, 9.269999999999847], [4.929999999999939, 3.5299999999999687, 2.1399999999999983, 1.6100000000000012, 4.619999999999946, 4.489999999999949, 6.919999999999897, 4.069999999999958, 4.179999999999955, 6.199999999999912], [2.299999999999995, 6.219999999999912, 2.099999999999999, 1.6300000000000012, 3.9499999999999598, 4.339999999999952, 1.5600000000000012, 4.179999999999955, 6.909999999999897, 3.4999999999999694], [4.289999999999953, 3.6899999999999653, 3.47999999999997, 5.469999999999928, 5.329999999999931, 8.409999999999865, 1.5100000000000011, 4.259999999999954, 3.979999999999959, 4.749999999999943], [2.339999999999994, 7.71999999999988, 3.47999999999997, 3.5499999999999683, 5.919999999999918, 4.249999999999954, 1.470000000000001, 9.249999999999847, 7.0299999999998946, 8.899999999999855], [2.3099999999999947, 3.4999999999999694, 3.369999999999972, 5.629999999999924, 4.009999999999959, 4.479999999999949, 3.3999999999999715, 5.6699999999999235, 5.449999999999928, 4.9199999999999395], [2.3099999999999947, 5.5299999999999265, 2.159999999999998, 7.609999999999882, 6.739999999999901, 4.339999999999952, 3.5999999999999672, 5.519999999999927, 4.089999999999957, 4.789999999999942], [2.3199999999999945, 3.4999999999999694, 2.099999999999999, 3.7299999999999645, 3.9099999999999606, 4.399999999999951, 3.4499999999999704, 4.229999999999954, 4.199999999999955, 6.31999999999991]]}