{"FH-OECT": [[2.85, 4.83, 2.58, 4.24, 2.13, 3.7800000000000002, 4.22, 6.25, 4.25, 3.17], [2.68, 2.45, 4.5200000000000005, 4.47, 2.2800000000000002, 3.62, 3.88, 6.24, 4.0, 3.09], [2.72, 2.45, 2.56, 4.3, 2.17, 3.65, 4.14, 4.34, 4.38, 3.14], [2.65, 4.9, 2.54, 4.57, 7.79, 3.7, 3.98, 6.38, 4.33, 3.16], [2.71, 2.38, 7.26, 4.39, 2.21, 3.8000000000000003, 4.23, 6.3100000000000005, 4.13, 3.0500000000000003], [2.86, 4.97, 4.48, 4.29, 2.2800000000000002, 3.66, 4.0600000000000005, 6.33, 4.1, 3.14]], "FH-tanh": [[4.64, 5.11, 4.45, 4.45, 2.2800000000000002, 3.74, 3.98, 5.0200000000000005, 4.2, 3.1], [6.23, 2.48, 4.58, 4.41, 7.640000000000001, 5.65, 4.22, 6.390000000000001, 4.21, 3.3000000000000003], [2.72, 5.18, 7.140000000000001, 4.37, 2.32, 3.64, 4.07, 6.37, 4.04, 3.17], [2.74, 4.93, 2.63, 4.37, 2.23, 3.68, 3.92, 5.09, 4.03, 3.06], [2.75, 4.3, 4.44, 4.5, 2.15, 3.66, 3.95, 5.1000000000000005, 3.91, 3.16], [4.64, 5.04, 2.66, 4.39, 7.05, 3.66, 4.12, 5.0200000000000005, 3.99, 3.16]], "tolerance": 5, "params": [0.05, 0.01, 0.05, 0.1, 0.2, 0.3]}